osm_tipo,osm_id,nombre,lat,lon,shop,craft,amenity,healthcare,leisure,hairdresser,addr_street,addr_housenumber,opening_hours,cuisine,description,website,categoria
node,1661579961,El Paisa,6.2645983,-75.5449284,supermarket,,,,,,Calle 69,32,Mo-Su 09:00-21:00,,"TIENDA DE ABARROTES, VENTA DE MINI PIPETAS DE GAS.",,tienda_viveres
node,4386455389,,6.2638657,-75.5487092,,,fast_food,,,,,,,,,,comidas
node,4742463327,Heladería tangomanos,6.2692613,-75.5546994,beverages,,,,,,Carrera 45,76-16,Mo-Fr 09:00-23:00; Sa-Su 13:00-02:00,,,,tienda_viveres
node,4794219623,MANDINGAS,6.2633761,-75.548741,,,fast_food,,,,,,,,,,comidas
node,5249729660,,6.2702904,-75.5364756,convenience,,,,,,,,,,En el segundo piso de esta casa se puede recargar la tarjeta cívica,,tienda_viveres
node,5249729661,,6.2703038,-75.5365829,convenience,,,,,,,,,,Pequeña tienda que también funciona como paradero del bus,,tienda_viveres
node,5249729662,,6.269496,-75.5372964,supermarket,,,,,,,,,,Supermercado,,tienda_viveres
node,5249729664,Gimnasio CPS La cruz,6.2696453,-75.5365453,,,,,fitness_centre,,,,,,Acutalmente inactivo por reparación,,salud_bienestar
node,5249805947,Papelería y Variedades el Templo,6.2695173,-75.5372373,stationery,,,,,,Calle 77,,,,Allí se pueden sacar fotocopias,,papeleria
node,5249818267,Asadero de pollos La cruz,6.2701446,-75.5361914,,,cafe,,,,Carrera 24,,,regional,,,comidas
node,5249826521,Venta de Combustible,6.271507,-75.5373555,gas,,,,,,Carrera 24,,,,Parqueadero de camiones donde tambien venden gasolina,,
node,5249826522,,6.2703645,-75.5364704,hardware,,,,,,Carrera 24,,,,,,construccion
node,5249839582,Punto de Salud,6.2702686,-75.5363906,,,pharmacy,pharmacy,,,Carrera 24,,,,,,salud_bienestar
node,5249839647,Farmacia Central,6.2715977,-75.5376808,,,pharmacy,pharmacy,,,Carrera 24,,,,,,salud_bienestar
node,5249851907,Doña Rosa,6.269694,-75.5384096,supermarket,,,,,,Calle 77,,,,,,tienda_viveres
node,5249851908,,6.2697593,-75.5384613,supermarket,,,,,,,,,,,,tienda_viveres
node,5249851909,Inder,6.269504,-75.5384646,,,,,fitness_centre,,Carrera 24b,,,,,,salud_bienestar
node,5250437924,Tiendita,6.2699855,-75.5361711,supermarket,,,,,,Carrera 24,,,,,,tienda_viveres
node,5426962062,El Danny,6.2647552,-75.5423448,gift,,,,,,Carrera 28,70-15,Mo-Su 10:00-22:00,,,,papeleria
node,5426975195,Drogueria Dallas,6.2668654,-75.5423047,,,hospital,hospital,,,Calle 71B,28A-26,,,,,salud_bienestar
node,5426989208,Tienda Sin nombre,6.2668552,-75.5424108,supermarket,,,,,,Calle 71B,No 29-9,,,No se visualiza razon social.,,tienda_viveres
node,5426993572,,6.2640419,-75.5423827,books,,,,,,Carrera 28,68-B64,Mo-Sa 08:00-18:00,,,,papeleria
node,5426995337,Ferretería,6.2635105,-75.5430701,hardware,,,,,,Carrera 28,,Mo-Su 09:00-21:00,,,,construccion
node,5426995338,Tienda azul,6.2634769,-75.5432026,supermarket,,,,,,Carrera 28,,Mo-Su 09:00-21:00,,,,tienda_viveres
node,5426995339,,6.2634809,-75.5433146,,,cafe,,,,,,Mo-Su 09:00-21:00,,,,comidas
node,5426995340,El dany,6.2635243,-75.5429777,hairdresser,,,,,,Carrera 28,,Mo-Su 09:00-21:00,,,,belleza_peluqueria
node,5426995341,Las escaleritas,6.2638137,-75.5432988,supermarket,,,,,,Calle 70,,Mo-Su 09:00-21:00,,,,tienda_viveres
node,5426995342,Ferretería,6.2640567,-75.5432755,hardware,,,,,,Calle 70,,Mo-Su 09:00-21:00,,,,construccion
node,5427000838,Legumbreria,6.2668696,-75.5425672,greengrocer,,,,,,Calle 71B,No. 29-24,,,Razon social: Legumbreria,,tienda_viveres
node,5427002545,Sin nombre,6.2669315,-75.5426898,supermarket,,,,,,Calle 71B,29-16,,,Sin razón social visible,,tienda_viveres
node,5427002790,Barberia,6.2668788,-75.5426017,hairdresser,,,,,,Calle 71B,N 29-29,,,Razon social: Barberia,,belleza_peluqueria
node,5427008121,Panadería,6.2668886,-75.5427476,bakery,,,,,,Calle 71B,No 29-55,,,"Razón social: Panadería, venden churros buenos",,panaderia
node,5427008292,HELADERIA -FOTOCOPIADORA-INTERNET,6.2652176,-75.542244,,,ice_cream,,,,Calle 71,CRA28,,,,,comidas
node,5427014121,Tienda La Curvita,6.2658494,-75.5421613,convenience,,,,,,Carrera 28,CRA29,,,,,tienda_viveres
node,5427015649,Helados Yanclao,6.2665083,-75.5424736,,,ice_cream,,,,29 # 71 A -45,,,,,,comidas
node,5427015713,El Tanque,6.263592,-75.5425739,butcher,,,,,,Carrera 28,69 23,,,,,tienda_viveres
node,5427015714,,6.2624957,-75.5426722,stationery,,,,,,Carrera 28,68 B 64,,,,,papeleria
node,5427015716,Sin Nombre,6.2634564,-75.542607,fabric,,,,,,Calle 69,68 B 65,,,,,
node,5427015717,MODISTERIA,6.2633905,-75.542368,,dressmaker,,,,,Calle 69,,,,,,
node,5427015719,,6.2634137,-75.5424655,yes,,,,,,Calle 69,,,,,,
node,5427016159,Foto Estudio,6.2665856,-75.5424589,,photographer,,,,,#71 A- 45,CRA29,,,,,
node,5427016321,Drogueria Uvapar,6.2633475,-75.5421933,chemist,,,,,,,,,,,,salud_bienestar
node,5427016322,Mini Market la Uva,6.2632626,-75.5418578,supermarket,,,,,,Calle 69,,,,"supermercado, con elementos que pueden caer en la calle (avisos), elementos inflamables y con acumulo posible de basuras, y un poste ladead…",,tienda_viveres
node,5427016324,,6.2633799,-75.5423174,,dressmaker,,,,,Calle 69,INTERIOR 106,,,,,
node,5427024329,Taller de motos,6.2669135,-75.5429485,car_repair,,,,,,Calle 71B,29-59,,,Razon social: Taller de motos,,mecanica_motos
node,5427024331,Fruver Monterrey,6.2668864,-75.5430185,greengrocer,,,,,,Calle 71A,30-83,,,,,tienda_viveres
node,5427026695,Fotos montajes,6.2666881,-75.5430416,photo,photographic_laboratory,,,,,Calle 71A,30-77,,,Fotografia para documentos y montaje,,
node,5427032278,Venta de Mekato,6.2666742,-75.5429675,convenience,,,,,,Calle 71A,30-62,,,Sin razon social visible,,tienda_viveres
node,5427042052,,6.2633697,-75.5422727,cosmetics,,,,,,,,,,,,belleza_peluqueria
node,5427042054,Billares Azules,6.2633283,-75.5420709,,brewery,,,,,,,,,VENTA DE LICORES Y ABARROTES,,
node,5427063303,Supermercado max super,6.2645985,-75.5449319,supermarket,,,,,,Calle 70,32,Mo-Su 09:00-21:00,,super mercado con domicilio .,,tienda_viveres
node,5427063304,El Paisa,6.2645948,-75.5449032,supermarket,,,,,,Calle 69,32,Mo-Su 09:00-21:00,,"TIENDA DE ABARROTES, VENTA DE MINI PIPETAS DE GAS.",,tienda_viveres
node,5427063306,El BUEN SAZON,6.2640725,-75.5449642,,,fast_food,,,,Calle 69-31,32,Mo-Su 09:00-21:00,regional;burger,"COMIDAS RÁPIDAS COMO PERRO, HAMBURGUESAS, CARNES.",,comidas
node,5427063307,Papeleleria y Tienda de Zapatos,6.2637564,-75.5449772,stationery,,,,,,Calle 69-32,32,Mo-Sa 08:00-18:00,,PAPELERÍA Y VENA DE ARTÍCULOS ESCOLARES COMO ZAPATOS.,,papeleria
node,5427063311,Miselanea,6.2645395,-75.5443975,stationery,,,,,,Carrera 31A,70,,,Venta de artículos escolares y recargas de energía y distintos operadores,,papeleria
node,5429308650,,6.2643048,-75.5428168,yes,,,,,,Calle 70,28-30,,,"casa grietada, postes que amenaza con caer, adultos mayores. juego de maquinas y un perro.",,
node,5429308655,,6.2644226,-75.5434202,yes,,,,,,Calle 70,30-04,,,"casa agrietada, arbol en riesgo de caida, adulto mayor 70 años y un gato.",,
node,5429308656,carpinteria,6.2652207,-75.5440677,,carpenter,,,,,Calle 70,30-28,,,riesgo de inundacion y red gas natural expuesta.,,construccion
node,5429308660,,6.2643849,-75.5440514,supermarket,,,,,,Carrera 31,69-28,,,"establecimiento comercial, discapacitado",,tienda_viveres
node,5429308661,,6.2638778,-75.5436644,greengrocer,,,,,,Calle 69A,30-07,,,"postes que amenazan caer, red de gas natural expuesta.",,tienda_viveres
node,5429322550,Papeleria y Variedades,6.2634254,-75.542592,stationery,,,,,,,,,,,,papeleria
node,5429332234,Peluqueria,6.2625657,-75.5443415,hairdresser,,,,,,Calle 68A,31-43,,,,,belleza_peluqueria
node,5429334224,Peluqueria,6.2627153,-75.5442215,hairdresser,,,,,,Calle 68A,31-32,,,,,belleza_peluqueria
node,5429335872,,6.2630118,-75.5435727,tailor,,,,,,Calle 68b,31-50,,,,,
node,5429336648,Taller de motos,6.2619676,-75.5443293,car_repair,,,,,,Carrera 31A,68-44,,,,,mecanica_motos
node,5429343383,Peluqueria,6.2622883,-75.5449105,hairdresser,,,,,,Calle 31A,68-107,,,,,belleza_peluqueria
node,5429346348,Comida rápida,6.2623884,-75.5449585,,,fast_food,,,,Calle 31A,68-101,,,,,comidas
node,5429346880,Veterinaria,6.2625637,-75.5448933,,,veterinary,,,,Calle 31A,68-28,,,,,mascotas
node,5429352131,Taller de motos,6.2618474,-75.5435736,car_repair,,,,,,Calle 68,68-11,,,,,mecanica_motos
node,5429353013,Tienda Mariana,6.2622045,-75.5436002,greengrocer,,,,,,Carrera 30,68A-05,,,,,tienda_viveres
node,5429354391,Tienda,6.2629578,-75.5442235,convenience,,,,,,Carrera 31,68A-4,,,,,tienda_viveres
node,5429356666,Tienda Cerrajería,6.2629487,-75.5443413,,locksmith,,,,,Carrera 31,68A-11,,,,,
node,5429356870,Minitienda,6.2652512,-75.5439649,convenience,,,,,,Carrera 31,15,,,,,tienda_viveres
node,5429363053,Tienda,6.2617507,-75.5438019,convenience,,,,,,Carrera 31A,68-06,,,,,tienda_viveres
node,5429366437,Zapateria,6.2630118,-75.5435727,,shoemaker,,,,,,,,,,,ropa_calzado
node,5429366438,Granero el Deportista,6.2632672,-75.5441369,supermarket,,,,,,Calle 68b,26,,,,,tienda_viveres
node,5429366964,Tienda El Parche,6.2618869,-75.5437279,convenience,,,,,,Carrera 30,68-28,,,,,tienda_viveres
node,5429376384,Licorera la 27,6.2622045,-75.5427968,alcohol,,,,,,Calle 68A,28-74,,,,,tienda_viveres
node,5429388839,TIenda,6.2622449,-75.5437975,convenience,,,,,,Carrera 28,68A-61,,,,,tienda_viveres
node,5429391495,Tienda Los Rieles,6.2623853,-75.5439831,convenience,,,,,,Carrera 28,68A-20,,,,,tienda_viveres
node,5443317616,The Barber Shop,6.2634686,-75.5417729,hairdresser,,,,,,Carrera 27,,,,"VENTA DE HELADOS, DULCERIA, LICOR Y BARBERA",,belleza_peluqueria
node,5443317617,Venta de Helados,6.2636509,-75.541736,,,ice_cream,,,,Carrera 27,,,,,,comidas
node,5443317618,Reparación de Lavadoras y Neveras,6.2635723,-75.5417615,,electronics_repair,,,,,Carrera 27,,,,REPARACIÓN DE NEVERAS Y LAVADORAS A DOMICILIO,,tecnologia_celulares
node,5443317620,,6.2638265,-75.5419195,alcohol,,,,,,Calle 69A,,,,"VENTA DE LICORES QUE NO ES UN ESTABLECIMIENTO, SI NO UNA CASA",,tienda_viveres
node,5443320365,Don Tatto Swa,6.2638375,-75.5425208,tattoo,,,,,,Carrera 28,,,,"Es un segundo piso en la cual presta servicio de tatuajes, pero en el momento de la visita se encontraba cerrado.",,
node,5443320366,The Barber Shop,6.2639161,-75.542437,hairdresser,,,,,,Carrera 28,,,,se encuentra un local donde se presta servicio de BARBERIA Y TATTOO. en el momento de realizar el mapeo se encontraba cerrado.,,belleza_peluqueria
node,5443320367,Mirador de la UVA,6.2639144,-75.5421648,beverages,,,,,,Calle 69A,,,,"en una casa donde se habilitó el primer cuarto para la instalación de la tienda, que ofrecen alimentos de la canasta familiar",,tienda_viveres
node,5443320368,Helados de la UVA,6.2639238,-75.5420944,,,ice_cream,,,,Calle 69 A,,,,se encuentra una heladería en el primer piso pero se encontraba cerrado.,,comidas
node,5443320369,Los Monos,6.2639771,-75.5417605,supermarket,,,,,,Carrera 27,,,,es un casa donde se habilitó las,,tienda_viveres
node,5443361606,tienda,6.2642081,-75.5415987,supermarket,,,,,,27 - 24,70b,Mo-Su 09:00-21:00,,Tienda hecha en madera ubicada al principo de la calle donde vende parva y pastelitos.,,tienda_viveres
node,5443361608,Sin Nombre,6.2645397,-75.5412648,bakery,,,,,,Carrera 27,,,,"Es una casa con presencia de humedad, también esta acondicionado para una panadería y servicio de recarga de gas. en el hogar habita una me…",,panaderia
node,5443361609,Sin Nombre,6.2642703,-75.5424325,bakery,,,,,,Carrera 28,,,,,,panaderia
node,5449502569,Variedades la 30,6.2654143,-75.5432044,stationery,,,,,,Carrera 30,,,,"Es una tienda donde venden gran variedad de cosas, desde ropa hasta papelería y venta de minutos etc.",,papeleria
node,5449508837,Cafeteria,6.2656996,-75.5430489,,,cafe,,,,Carrera 30 71#72,,,sandwich,"Venta de empanadas, buñuelos, panes, rollos, café, bebidas entre otras.",,comidas
node,5449508838,Ferreteria Jhon Vital,6.2658596,-75.5430489,hardware,,,,,,Carrera 30 #71-74,,,,,,construccion
node,5449508839,Granos Orientales,6.2659576,-75.5429745,convenience,,,,,,Carrera 30,,,,Tienda con venta de todo tipo de alimentos.,,tienda_viveres
node,5449526345,Frutas y verduras,6.2662596,-75.5444352,greengrocer,,,,,,Calle 71A #31-14,,,,Domicilio gratis.,,tienda_viveres
node,5449526346,Sandra Spa,6.2661743,-75.54377,beauty,,,,,,Calle 71A #31-36,,,,,,belleza_peluqueria
node,5449531087,Variedades yusmi,6.2661876,-75.5438559,variety_store,,,,,,Calle 71A#31-38,,,,,,papeleria
node,5449531088,Bellisima Spa,6.2662063,-75.5439471,beauty,,,,,,Calle 71A#31-39,,,,,,belleza_peluqueria
node,5449531089,Comida rapida,6.2662116,-75.543998,,,fast_food,,,,Calle 71A #31-40,,,,"Venta de longaniza, chuzo, perros calientes etc.",,comidas
node,5449543440,,6.2659937,-75.5446566,,,pharmacy,pharmacy,,,Carrera 31A #71-59,,,,,,salud_bienestar
node,5449543441,,6.265809,-75.5444191,yes,,,,,,Carrera 31A #71.57,,,,,,
node,5449543442,carniceria,6.2654285,-75.5445736,butcher,,,,,,Carrera 31A #71-11,,,,,,tienda_viveres
node,5449543444,Tienda mascotas,6.2655824,-75.5444996,pet,,,,,,Carrera 31A #71-11,,,,"Adicional... Venta de bebidas (Alcohol, bolis)",,mascotas
node,5460480333,mary,6.2634524,-75.543108,miscelanea,,,,,,Carrera28,68b-64,,,,,
node,5460480335,Pollos Harry,6.2634924,-75.5428747,convenience,,,,,,Carrera 28,68A-79,,chicken,,,tienda_viveres
node,5460480336,El descanso,6.2634844,-75.5427942,supermarket,,,,,,Carrera 28,68 a 61,,,,,tienda_viveres
node,5460480337,Los Rieles,6.263551,-75.5426574,supermarket,,,,,,Carrera 28,68 a 20,,,,,tienda_viveres
node,5460480338,Venta En Casa de Alchol Casero,6.2634817,-75.5435318,yes,,,,,,Calle 69,30-25,,,,,
node,5460480339,,6.2635057,-75.5436766,chemist,,,,,,Calle 69,30-40,,,,,salud_bienestar
node,5460480340,Taller,6.2636177,-75.5438027,car_repair,,,,,,Calle 69,30-48,,,,,mecanica_motos
node,5460480341,enny,6.263759,-75.5441836,hairdresser,,,,,,Carrera 31,78-101,,,,,belleza_peluqueria
node,5460480342,Topsport,6.2640283,-75.5441434,clothes,,,,,,Carrera 31,68-36,,,,,ropa_calzado
node,5460480343,LOS,6.2641803,-75.5441138,supermarket,,,,,,Carrera 31,64-30,,,,,tienda_viveres
node,5460480344,Mi Emociones,6.2643082,-75.5440978,gift,,,,,,Carrera 31,64 35,,,,,papeleria
node,5473346000,panaderia,6.2634663,-75.5433085,,,cafe,,,,Carrera 28,,Mo-Sa 08:00-18:00,coffee_shop,,,comidas
node,5489027817,Restaurante La Reina,6.2811162,-75.5457996,,,restaurant,,,,Carrera 34,,,,,,comidas
node,5492213553,Droguería Parque Gaitan,6.264526,-75.5480888,,,pharmacy,,,,Carrera 36A,,,,,,salud_bienestar
node,5493973416,Metro Farma La 45,6.2687159,-75.5547152,,,pharmacy,,,,Carrera 44A,,,,,,salud_bienestar
node,5494073080,Droguería Hidalgo,6.2656245,-75.5464232,,,pharmacy,,,,Carrera 34,,,,,,salud_bienestar
node,5494163812,Droguería Pentel,6.2636489,-75.5485703,,,pharmacy,,,,Carrera 37,68-78,,,,,salud_bienestar
node,5545663222,Carrniceria,6.2638893,-75.5437478,supermarket,,,,,,,,,,,,tienda_viveres
node,5545663223,Casa de decoraciones,6.2639096,-75.5438956,party,,,,,,,,,,,,
node,5545670768,Mini Mercado,6.2638815,-75.5436438,supermarket,,,,,,Calle 69A,60-17,,,,,tienda_viveres
node,5545670769,Verduleria y fruteria,6.2639323,-75.5441255,greengrocer,,,,,,,,,,,,tienda_viveres
node,5545675236,Tienda Maria Hoyos,6.264158,-75.5423415,,,pharmacy,pharmacy,,,Calle 70,numero 28 30,7:00 am 8:00 pm,,"venden medicamento ( ibuprofeno, acetaminofen, acetaminofen en jarabe, buscapina, calmidol,mareol) tienen estanterias para colocar los medi…",,salud_bienestar
node,5545688654,vimar,6.2663191,-75.5445784,chemist,,,,,,,,24/7,,,,salud_bienestar
node,5545690235,El Paisa,6.2645682,-75.5449268,supermarket,,,,,,Calle 69,32,Mo-Su 09:00-21:00,,"TIENDA DE ABARROTES, VENTA DE MINI PIPETAS DE GAS.",,tienda_viveres
node,5545699693,zapateria,6.2660951,-75.5448181,shoes,,,,,,,,,,,,ropa_calzado
node,5545699695,,6.2662959,-75.5446734,motorcycle_repair,,,,,,,71-54,,,,,mecanica_motos
node,5545703908,Venta de Gas y Lavadero de Motos,6.2640391,-75.5424284,gas,,,,,,Calle 70,cll 70 28 86,08:00-19:00,,casa adecuada para la venta de pipetas de gas y para prestar el servicio de lavado de motos,,
node,5545710794,Casa de Modisteria,6.2642546,-75.5419971,,dressmaker,,,,,# 27 - 68,CALLE 70B,,,,,
node,5545711566,Granero,6.26511,-75.5430024,convenience,,,,,,Calle 71,,Mo-Su 10:00-22:00,,,,tienda_viveres
node,5545722572,Taller De Bicicletas,6.2657695,-75.5443447,bicycle,,,,,,,,,,,,
node,5545722855,Centro de Salud Raizal,6.2666715,-75.5447521,,,hospital,hospital,,,,,,,,,salud_bienestar
node,5545724565,Pasteleria,6.2649451,-75.5446835,pastry,,,,,,,,,,,,panaderia
node,5545724568,El Palacio del Revolcon,6.2665566,-75.5444391,variety_store,,,,,,,,,,,,papeleria
node,5545724569,banka,6.2647266,-75.5445956,locksmith,,,,,,,,,,,,
node,5545724570,Casa de la Esquina,6.2645811,-75.5444688,convenience,,,,,,Carrera 31A,,,,,,tienda_viveres
node,5545740815,tienda,6.2641288,-75.5420599,chemist,,,,,,Calle 70,numero 27 59,,,"vende medicamentos. sevedol, dolex gripa, dolex forte, buscapina, ibuprofeno, acetaminofen. venta frecuente de estos medicamentos, los medi…",,salud_bienestar
node,5545744140,,6.2643038,-75.5432545,,,ice_cream,,,,Carrera 30,,10:00-22:00,,Con escalas muy empinadas para su acceso.,,comidas
node,5545744144,,6.2641233,-75.5432762,,,ice_cream,,,,Carrera 30,34,,,,,comidas
node,5551751396,Revuelteria,6.2642778,-75.5432207,supermarket,,,,,,Carrera 30,13,,,venta de algunos vegetales al aire libre riesgo de EDA para personas consumidoras.,,tienda_viveres
node,5553413830,abarrotes,6.2651051,-75.542791,convenience,,,,,,Carrera 28,,,,,,tienda_viveres
node,5553415201,tienda,6.2651168,-75.5431191,greengrocer,,,,,,Carrera 30,,,,,,tienda_viveres
node,5553422596,Panadería,6.2640363,-75.5424292,tea,,,,,,Carrera 28,Cll 70-123,Mo-Su 09:00-21:00,,Panadería,,
node,5553433256,,6.2639414,-75.5424541,supermarket,,,,,,Carrera 28,,,,,,tienda_viveres
node,5553442849,Arreglos y modisteria,6.2640334,-75.5424299,,dressmaker,,,,,Carrera 28,cll 28- 17,,,,,
node,5553446660,Supermercado,6.2644535,-75.5423297,supermarket,,,,,,Carrera 28,cll 70- 17,,,,,tienda_viveres
node,5553453466,Tienda,6.2648563,-75.5422438,convenience,,,,,,Carrera 28,70-33,,,,,tienda_viveres
node,5582745512,Buñuelos,6.2702108,-75.5362285,,,fast_food,,,,,,,,Ricos buñuelos rellenos de queso mozarella y palitos de queso y bocadillo.,,comidas
node,5608266308,Papeleria,6.2651574,-75.5407368,stationery,,,,,,Carrera 25,,,,"Este establecimiento solo cumple con la función de papelería; estructura física agrietada, cercada a elementos y estructuras que pueden cae…",,papeleria
node,5608284436,Tienda,6.2650881,-75.540769,sweets,,,,,,Carrera 25,,Mo-Sa 08:00-18:00,,"Establecimiento adecuado en 2 piso desnivelado,uso de ventas de dulces, estructura física agrietada, alto riesgo de derrumbe y deslizamient…",,
node,5608306847,Verdolaga,6.2642852,-75.5407158,sweets,,,,,,Carrera 25,,,,"Un pequeño establecimiento con la única venta de dulces, gaseosas, etc. Estructura agrietada y cables luz sueltos, con riesgo de inundación…",,
node,5608306848,Tienda,6.2647569,-75.540824,supermarket,,,,,,Carrera 25,,Mo-Sa 09:00-20:00,,"Tienda con venta de gran variedad de alimentos, cerca de elementos que pueden caer en la calle, venta y uso de gas propano, cerca de estruc…",,tienda_viveres
node,5608306849,La Divisa,6.2645514,-75.5408121,alcohol,,,,,,Carrera 25,,,,"Establecimiento con venta de licor y variedad de alimentos, estructura física agrietada, uso de gas propano y cerca de punto de acumulación…",,tienda_viveres
node,5608338567,Tienda,6.2637154,-75.5406426,sweets,,,,,,Carrera 25,,,,"Pequeño establecimiento única venta dulces, gaseosas, confitería, etc. uso de gas propano. Cerca de hidrantes y colegio. Mayor flujo de adu…",,
node,5608338569,Venta de gas,6.2634015,-75.5406872,gas,,,,,,Carrera 25,,,,"Local con venta de gran cantidad de pipetas de gas propano, riesgo de inundación, deslizamiento de tierra, amenaza de caída de árbol y post…",,
node,5620728502,,6.262736,-75.5420517,supermarket,,,,,,27-93,calle 68b,,,,,tienda_viveres
node,5621371114,TIENDA,6.263348,-75.5425655,articulos_de_la_canasta_familiar,,,,,,Carrera 28,68B-30,Mo-Su 08:00-22:00,,,,
node,5621371115,TIENDA EL 22-20,6.2633026,-75.5425709,TIENDA,,,,,,Carrera 28,68B-30,Mo-Sa 08:00-18:00,,,,
node,5621371116,Taller de motos MRQ,6.2629842,-75.5432542,motorcycle,,,,,,Calle 68B,28-72,Mo-Fr 08:00-17:00,,,,mecanica_motos
node,5621371117,CERRAJERIA,6.2628414,-75.5428981,locksmith,,,,,,Calle 68B,28-10,Mo-Su 09:00-18:00,,,,
node,5621371118,El Rincon de Ramón,6.2629819,-75.5433039,convenience,,,,,,Calle 68B,28-76,Mo-Sa 08:00-20:00,,,,tienda_viveres
node,5621371120,Tienda,6.263384,-75.5433466,convenience,,,,,,Carrera 30,68B-18,Mo-Sa 08:00-18:00,,,,tienda_viveres
node,5621373321,Luzma Delicias,6.2632527,-75.5433405,,,restaurant,,,,Carrera 30,68B-35,,regional,,,comidas
node,5621373322,CONFESIONES,6.2628546,-75.542999,,dressmaker,,,,,Calle 68B,28-25,,,,,
node,5621373323,Modisteria y Miscelanea,6.2634224,-75.5425579,,dressmaker,,,,,Carrera 28,68B-64,Mo-Su 09:00-21:00,,,,
node,5622751692,El aviador,6.2651887,-75.5421443,hardware,,,,,,Calle 71,,,,"Industria, infraestructura agrietada con elementos que pueden caer a la calle, presencia de sustancias químicas y peligrosas, presencias de…",,construccion
node,5622805870,Legumbreria El Coste,6.2651638,-75.5419952,convenience,,,,,,Calle 71,,,,Casa en la cual hay un establecimiento comercial y utilizan gas profano.,,tienda_viveres
node,5622816516,La 71,6.2651659,-75.5420498,convenience,,,,,,Calle 71,,,,"Establecimiento comercial, utilización de gas profano.",,tienda_viveres
node,5622882590,Confecciones EXKAPE,6.2650832,-75.5415614,clothes,,,,,,Calle 71,,,,"varias personas laboran en el lugar, utilizan maquinas de alto voltaje, y trabajan con tela.",,ropa_calzado
node,7313045830,,6.2688469,-75.545375,,,restaurant,,,,,,,,,,comidas
node,7313045831,,6.2688168,-75.5453358,beauty,,,,,,,,,,,,belleza_peluqueria
node,7313045833,Panaderia y reposteria La Terminal,6.2683741,-75.5448149,bakery,,,,,,,,,,,,panaderia
node,7313045834,,6.2684314,-75.5448033,butcher,,,,,,,,,,,,tienda_viveres
node,7313045835,,6.2684841,-75.5448064,general,,,,,,,,,,,,tienda_viveres
node,7313045836,,6.2686248,-75.5448276,motorcycle_repair,,,,,,,,,,,,mecanica_motos
node,7313045839,,6.26874,-75.5448657,general,,,,,,,,,,,,tienda_viveres
node,7313045841,,6.2682907,-75.544635,hairdresser,,,,,,,,,,,,belleza_peluqueria
node,7313045842,,6.2683393,-75.5446377,general,,,,,,,,,,,,tienda_viveres
node,7313045843,,6.2683786,-75.5446391,hairdresser,,,,,,,,,,,,belleza_peluqueria
node,7313045844,,6.2684086,-75.5446411,general,,,,,,,,,,,,tienda_viveres
node,7313045845,,6.2684493,-75.5446464,mobile_phone,,,,,,,,,,,,tecnologia_celulares
node,7313045846,,6.2684706,-75.5446404,,,restaurant,,,,,,,,,,comidas
node,7313045847,,6.2685352,-75.5445874,general,,,,,,,,,,,,tienda_viveres
node,7313045848,,6.2685499,-75.5445418,general,,,,,,,,,,,,tienda_viveres
node,7313045849,,6.2686219,-75.5441087,supermarket,,,,,,,,,,,,tienda_viveres
node,7326671260,,6.268666,-75.5447063,general,,,,,,,,,,,,tienda_viveres
node,7326671261,,6.2686833,-75.544711,chemist,,,,,,,,,,,,salud_bienestar
node,7326671262,,6.2687787,-75.544715,,,restaurant,,,,,,,,,,comidas
node,7326671263,,6.2688906,-75.5447291,hairdresser,,,,,,,,,,"barbería establecimiento en el que se afeita, se corta y arregla el pelo, la baba o el bigote a los hombres",,belleza_peluqueria
node,7326671264,,6.268906,-75.5447244,,,restaurant,,,,,,,,,,comidas
node,7326671265,,6.26895,-75.5447425,yes,,,,,,,,,,,,
node,7326671266,,6.2689746,-75.5447399,hairdresser,,,,,,,,,,,,belleza_peluqueria
node,7326671267,,6.2690013,-75.5447063,,,restaurant,,,,,,,,,,comidas
node,7326823766,Fruteria,6.2681022,-75.5445855,greengrocer,,,,,,,,,,,,tienda_viveres
node,7326823769,Vendedor ambulante,6.2681955,-75.5440249,,,fast_food,,,,Calle 76,,,,Vendedor ambulante de mangos (sitio de expendio),,comidas
node,7326823771,Claro,6.2682182,-75.5439512,mobile_phone,,,,,,,,,,,,tecnologia_celulares
node,7326823773,Tienda del barrio,6.2682235,-75.5439029,convenience,,,,,,,,,,Lugar en donde se venden víveres y licores.,,tienda_viveres
node,7326823774,Tienda del barrio,6.2682982,-75.5435113,convenience,,,,,,,,,,"Tienda en la cual venden víveres, se observa la inocuidad del lugar ya que presenta bajas condiciones higiénicas.",,tienda_viveres
node,7326880919,,6.2682982,-75.5433906,,,animal_boarding,,,,,,,,Se observan perros bravos,,mascotas
node,7326880937,Mil cacharros,6.2675969,-75.5441658,department_store,,,,,,,,,,,,
node,7326947118,,6.2676609,-75.544206,bakery,,,,,,,,,,,,panaderia
node,7326947119,,6.2677036,-75.5442435,supermarket,,,,,,,,,,,,tienda_viveres
node,7326947122,,6.2678023,-75.5443481,pet,,,,,,,,,,,,mascotas
node,7326947123,,6.2678343,-75.5443776,alcohol,,,,,,,,,,,,tienda_viveres
node,7326947124,,6.2678716,-75.5444098,clothes,,pharmacy,pharmacy,,,,,,,,,ropa_calzado
node,7326947125,,6.2679116,-75.5444447,legumbreria,,,,,,,,,,,,
node,7326947126,Gana,6.2679436,-75.5444769,bookmaker,,,,,,,,,,,,
node,7326964314,,6.2679756,-75.5445064,butcher,,,,,,,,,,,,tienda_viveres
node,7326964315,,6.2680182,-75.5444581,,,restaurant,,,,,,,,,,comidas
node,7326964316,,6.2680449,-75.5444125,car_parts,,,,,,,,,,,,mecanica_motos
node,7326964317,Venta de aguacate,6.2680156,-75.5445386,health_food,,,,,,,,,,,,
node,7326964318,,6.2680396,-75.5445761,hairdresser_supply,,,,,,,,,,,,
node,7326964319,,6.2680662,-75.5446056,hairdresser_supply,,,,,,,,,,,,
node,7326964320,,6.2680902,-75.5446351,clothes,,,,,,,,,,,,ropa_calzado
node,7330357458,,6.2690066,-75.5445704,pet,,,,,,,,,,,,mascotas
node,7330357459,,6.2690319,-75.5444617,yes,,,,,,,,,,,,
node,7330357462,,6.2690546,-75.5441077,yes,,,,,,,,,,,,
node,7330357463,,6.2690026,-75.5441023,hairdresser,,,,,,,,,,barbería,,belleza_peluqueria
node,7330357472,D1,6.2692883,-75.5442112,supermarket,,,,,,,,,,,,tienda_viveres
node,7331865562,Droguería Rolam,6.2665136,-75.5444525,,,pharmacy,pharmacy,,,,,,,,,salud_bienestar
node,7333556704,,6.265182,-75.5446337,,,pharmacy,pharmacy,,,,,,,,,salud_bienestar
node,7333556709,,6.2645368,-75.544146,car_repair,,,,,,,,,,,,mecanica_motos
node,7333556711,,6.2646639,-75.5441383,yes,,,,,,,,,,,,
node,7333556712,,6.2647543,-75.5441183,hairdresser,,,,,,,,,,,,belleza_peluqueria
node,7333623186,consumo de drogas. dsitribucion de droga? facror de Riesgo,6.2645343,-75.5441614,cannabis,,,,,,,,,,,,
node,7333623208,Fonda El Relajo,6.2644198,-75.5432651,alcohol,,,,,,,,,,,,tienda_viveres
node,7333623212,,6.2649711,-75.543222,,,fast_food,,,,,,,,,,comidas
node,7333623213,celulares,6.2649236,-75.5432282,computer,,,,,,,,,,,,tecnologia_celulares
node,7333623214,panaderia y autoservicio la 30,6.2651062,-75.5432234,convenience,,,,,,,,,,,,tienda_viveres
node,7333623217,,6.2651434,-75.5434173,yes,,,,,,,,,,,,
node,7334535967,barberia,6.2659551,-75.5444636,hairdresser,,,,,,,,,,,,belleza_peluqueria
node,7334649076,,6.265354,-75.5432054,,,dentist,dentist,,,,,,,,,salud_bienestar
node,7334649077,Baratillo-Agache,6.2652731,-75.5432072,variety_store,,,,,,,,,,,,papeleria
node,7334649078,Servicio Tecnico,6.2653086,-75.5432085,,electronics_repair,,,,,,,,,,,tecnologia_celulares
node,7334649083,,6.2653048,-75.543708,yes,,,,,,,,,,,,
node,7335340190,,6.2673345,-75.5429607,pet,,,,,,,,,,,,mascotas
node,7335340194,,6.2670839,-75.5429875,photo,,,,,,,,,,,,
node,7335340206,Quesudos,6.2670066,-75.5442692,,,fast_food,,,,,,,burger,,,comidas
node,7335340209,,6.2669293,-75.5441834,clothes,,,,,,,,,,,,ropa_calzado
node,7335340211,,6.2663534,-75.544508,supermarket,,,,,,,,,,,,tienda_viveres
node,7335340212,,6.266428,-75.5445267,alcohol,,,,,,,,,,,,tienda_viveres
node,7335340213,,6.2665267,-75.5445187,hairdresser,,,,,,,,,,,,belleza_peluqueria
node,7335340214,,6.2666893,-75.5444919,chemist,,,,,,,,,,,,salud_bienestar
node,7335340215,Panaderia principal,6.2667613,-75.5444731,bakery,,,,,,,,,,,,panaderia
node,7335340216,,6.2668253,-75.5444248,beauty,,,,,,,,,,,,belleza_peluqueria
node,7335340217,,6.2668626,-75.5443926,hairdresser,,,,,,,,,,,,belleza_peluqueria
node,7335340232,,6.2669426,-75.5445421,car_repair,,,,,,,,,,,,mecanica_motos
node,7335340233,,6.2669973,-75.5444054,yes,,,,,,,,,,,,
node,7335340235,,6.2670999,-75.5443651,mobile_phone,,,,,,,,,,,,tecnologia_celulares
node,7335340236,Hogar y Decoración Transmayo,6.2674831,-75.5444369,interior_decoration,,,,,,,,,,,,
node,7335340238,BarberShop,6.2674818,-75.5443839,hairdresser,,,,,,,,,,,,belleza_peluqueria
node,7335340239,Ferretería la,6.2674811,-75.5443437,hardware,,,,,,,,,,,,construccion
node,7335340240,,6.2674985,-75.5453803,yes,,,,,,,,,,,,
node,7336993906,,6.2692565,-75.5439497,motorcycle_repair,,,,,,,,,,,,mecanica_motos
node,7336993908,,6.2692955,-75.5435723,yes,,,,,,,,,,,,
node,7337445111,,6.2692636,-75.5445601,yes,,,,,,,,,,,,
node,7338808285,construcción,6.2694044,-75.544225,trade,,,,,,,,,,,,construccion
node,7338808316,SPA,6.2697052,-75.5445962,chemist,,,,,,,,,,,,salud_bienestar
node,7338808317,,6.2693752,-75.5445578,confectionery,,,,,,,,,,,,panaderia
node,7338810141,joyas,6.2691666,-75.5445959,jewelry,,,,,,Calle 77,,,,,,ropa_calzado
node,7339397137,Tuberia,6.2679652,-75.5432977,,plumber,,,,,,,,,"Se observa tubería de desagüe, favoreciendo riesgo de caída (finaliza en escaleras).",,construccion
node,7339397140,,6.2676266,-75.5429329,,plumber,,,,,,,,,"Se observa tubería de desagüe, favoreciendo riesgo de caída (finaliza en escaleras).",,construccion
node,7352789410,Repuestos de Motos,6.2646579,-75.5445122,motorcycle_repair,,,,,,,,,,,,mecanica_motos
node,7360559186,,6.2672545,-75.5442082,shoes,,,,,,,,,,,,ropa_calzado
node,7855091952,Centro de Salud San Blas,6.280886,-75.548404,,,clinic,clinic,,,,,,,,,salud_bienestar
node,8383824417,Sucerquia,6.2707261,-75.5379772,convenience,,,,,,Calle 79C,,Mo-Su 09:00-18:00,,,,tienda_viveres
node,9081190287,Tiendas D1,6.2734341,-75.5534125,supermarket,,,,,,,,,,,,tienda_viveres
node,9081194857,Tiendas D1 Manrique,6.2672041,-75.5544885,supermarket,,,,,,Calle 72,44-96,,,,,tienda_viveres
node,9344048618,Taller de motos Maikbike,6.2702238,-75.5534725,car_repair,,,,,,,,,,,,mecanica_motos
node,9604469495,Licores La Esperanza,6.2679452,-75.5479965,alcohol,,,,,,,,24/7,,,,tienda_viveres
node,9604471204,Burgelandia Me Gusta,6.2642192,-75.5479639,,,fast_food,,,,,,Mo-Su 08:00-23:00,burger;sandwich;chicken;american,,,comidas
node,9604487254,La Central del Sabor,6.2682913,-75.5459379,,,fast_food,,,,,,Mo-Su 08:00-23:00,burger;sandwich;chicken;international,,,comidas
node,9604499632,Tienda La Curva,6.2697223,-75.5481445,supermarket,,,,,,,,Mo-Su 10:00-20:00,,,,tienda_viveres
node,9604517344,Pollos Mario,6.263639,-75.5479592,,,restaurant,,,,,,Mo-Su 10:00-21:00,chicken,,,comidas
node,11120045398,Smart Fit,6.2672289,-75.5547964,,,,,fitness_centre,,,,,,,https://smartfit.com.co,salud_bienestar
node,12101294303,,6.2668918,-75.5382485,,,ice_cream,,,,,,,,,,comidas
node,13816302720,,6.2691778,-75.5449576,confectionery,,,,,,,,,,,,panaderia
node,13912534304,Minimercado los González,6.2791109,-75.54023,convenience,,,,,,,,,,,,tienda_viveres
node,13912534305,,6.2794543,-75.5401861,convenience,,,,,,Cr 23 cl 90A - 24  171,,,,,,tienda_viveres
node,13912534306,,6.2809749,-75.5406817,convenience,,,,,,,,,,,,tienda_viveres
node,13912536602,,6.28076,-75.5405724,convenience,,,,,,,,,,,,tienda_viveres
node,13912536603,La finquita,6.2850655,-75.5407885,convenience,,,,,,,,,,,,tienda_viveres
node,13912536604,,6.2851011,-75.5407578,bakery,,,,,,,,,,,,panaderia
node,13912536701,,6.2825202,-75.5411395,convenience,,,,,,,,,,,,tienda_viveres
node,13912536702,,6.2840619,-75.5411853,convenience,,,,,,,,,,,,tienda_viveres
node,13912536703,,6.2848528,-75.5409783,beauty,,,,,,,,,,,,belleza_peluqueria
node,13912536704,,6.28537,-75.5405039,convenience,,,,,,,,,,,,tienda_viveres
node,13912536705,,6.2852538,-75.5403794,convenience,,,,,,,,,,,,tienda_viveres
node,13912536706,,6.2854464,-75.5403745,convenience,,,,,,,,,,,,tienda_viveres
node,13912536801,,6.2845286,-75.5411857,convenience,,,,,,,,,,,,tienda_viveres
node,13912536802,,6.2847327,-75.5410941,convenience,,,,,,,,,,,,tienda_viveres
node,14227979701,Punto de riesgo eléctrico cerca a vivienda,6.280647,-75.5394029,electronics,,,,,,,,,,,,tecnologia_celulares
node,14227983501,Riesgo eléctrico cercano vivienda,6.2813226,-75.5395884,electronics,,,,,,,,,,,,tecnologia_celulares
node,14227986101,Riesgo eléctrico cercano vegetación,6.2817169,-75.5393764,electronics,,,,,,,,,,,,tecnologia_celulares
node,14227989701,Riesgo eléctrico cercano a vivienda,6.2821313,-75.5394047,electronics,,,,,,,,,,,,tecnologia_celulares
node,14227993701,Riesgo eléctrico cercano a vivienda,6.2823031,-75.5394091,electronics,,,,,,,,,,,,tecnologia_celulares
node,14228000201,Caja electrica cercana al suelo y riesgo vivienda,6.282561,-75.5389997,electronics,,,,,,,,,,,,tecnologia_celulares
node,14228002501,Riesgo eléctrico cercano a vivienda,6.2828139,-75.5387073,electronics,,,,,,,,,,,,tecnologia_celulares
node,14228003701,Riesgo eléctrico cercano a vivienda,6.2830753,-75.5387691,electronics,,,,,,,,,,,,tecnologia_celulares
node,14228004101,Riesgo eléctrico cercano a vivienda,6.2832108,-75.5387939,electronics,,,,,,,,,,,,tecnologia_celulares
node,14232202401,,6.2788658,-75.5403393,convenience,,,,,,,,,,,,tienda_viveres
node,14235658109,,6.283199,-75.5387568,yes,,,,,,,,,,,,
way,543112930,Metrosalud La Cruz,6.2699394,-75.5367617,,,hospital,hospital,,,Carrera 25,75c-06,,,,,salud_bienestar
way,785084650,,6.2636177,-75.5485242,,,pharmacy,pharmacy,,,,,,,,,salud_bienestar
way,785235285,kasetas,6.2691706,-75.5447848,,,restaurant,,,,Calle 77,,"Sa,Su",regional,,,comidas
way,786959588,Gimnasio al aire libre La Cruz,6.2694569,-75.5362757,,,,,fitness_centre,,,,,,,,salud_bienestar
way,786963626,,6.2694986,-75.5384167,,,,,fitness_centre,,,,,,,,salud_bienestar
way,1094706074,Unidad Hospitalaria Manrique,6.2618375,-75.5531984,,,hospital,hospital,,,,,,,,,salud_bienestar
way,1242090433,Panadería 24 hrs,6.2728228,-75.5487432,bakery,,,,,,,,,,,,panaderia
way,1242090434,,6.2726882,-75.5491006,bakery,,,,,,,,,,,,panaderia
way,1242090440,,6.2713079,-75.5454577,,,,,fitness_centre,,,,,,,,salud_bienestar
way,1366082006,Doña Reina,6.2698426,-75.536531,garden_centre,,,,,,,,24/7,,Doña Reina una lider del barrio la cruz fundadora del barrio quien habita este lugar y tiene su pequeño negocio que es su sustento diario,,
way,1418189848,,6.2700354,-75.5402134,motorcycle_repair,,,,,,,,,,,,mecanica_motos
way,1441523395,,6.2633224,-75.5411231,,carpenter,,,,,,,,,,,construccion
way,1556481103,restaurante escolar,6.2735083,-75.5490743,,,restaurant,,,,,,,,"Restaurante escolar. Reciben comida preparada por grados. Lugar de conflictos o afinidad con otros grupos, no todos reciben, algunos no les…",,comidas
way,1556482085,sala de tecnología e informática,6.2735148,-75.5491159,computer,,,,,,,,,,"Lugar de aprendizaje, pero también donde muchos se distraen en juegos, redes sociales y causan conflictos.",,tecnologia_celulares
